id,date,V1,V2,V3,V4,V5,V6,V7,V8,V9,V10,V11,V12,V13
380114,2022-09-26,Köhnə tikili,9 / 9,100,4,Kupça,140000,Vasitəçi / Rieltor,Ehmedli qes. Mezahir Rustemov kucesi  4 otaqli Menzil satilir. Leningrad layihedir. 9 Mertebeli binanin 9 cu mertebesin de yerlesir. Orta blokdadir. Heyet yani sahesi abadlasdirilib. Sakinlerin asude vaxti istiraheti ucun xususi guseler salinib. Usaqlar ucun ayrica oyun meydancalari duzeldilib. Ofisin xidmet haqqi= 1% teskil edir.,13,Bakı,Xətai rayonu,Əhmədli,metro. Əhmədli
380110,2022-09-26,Yeni tikili,17 / 5,79,2,Kupçasız,145000,Vasitəçi / Rieltor,"Ehmedli metrosu yaxinliqinda Ukrayna dairesinin yaninda yeni tikili yawayiw kompleksinde 17/5 mertebesinde yerlewen,sahesi 79kv/m olan 2 otaqli ela temirli menzil satilir.   Doweme parket,Zambaiti divar kagizlari,Avropa otaq gapilari ve metbex mebeli yigilib. Sened muqaviledir. Temirden sonra menzilde yawayiw olmayib.   Etrafli melumat ucun zeng edin. Ofis haqqi 1% tewkil edir.",15,Bakı,Xətai rayonu,metro. Əhmədli,
377606,2022-09-26,Yeni tikili,17 / 1,44,2,Kupça,30000,Vasitəçi / Rieltor,"Xırdalanda, Kristal Abşeron-1 yaşayış kompleksində (köhnə bazarla üzbəüz) 17 mərtəbəli binanın 1-ci mərtəbəsində zal-studiya tipli 2 otaqlı mənzil satılır. Binanın altı qarajdır, nəmişlik və rütubət qətiyyən yoxdur. Sahəsi 44 kv.m.-dir. Mənzil Kristalın yeni istifadəyə verilən binasındadır. Qaz, su, işıq var. Tam təmirli mənzildir. İstilik sistemi kombidir. Mənzil Beynəlxalq Bankda kreditdədir. Kredit şərtləri:  - İlkin ödəniş – 30000 AZN (bütün xərclər daxildir),  - Banka borc – 33000 AZN,   - Ödəniş qrafiki – 9 il 3 ay 450 AZN.  QEYD: Rəsmi maaş varsa ilkin ödəniş 30000 AZN, rəsmi maaş yoxdursa ilkin ödəniş 31000 AZN olacaq və tək şəxsiyyət vəsiqəsi ilə kredit və evin sənədləri adınıza keçiriləcək. Ətraflı məlumat üçün zəng edin.",10,Xırdalan ş.,,,
364999,2022-09-26,Köhnə tikili,9 / 8,90,3,Kupça,158000,Vasitəçi / Rieltor,"Mənzil Elmlər metrosunun 500 metrliyi,  məktəb, baxça və bir çox iaşə abyektləri yaxınlığında ekoloji cəhətdən havası cox gözəl bir ərazidə yerləşir. Mənzil sahibi tərəfindən özü üçün təmir edilmiş təmirində avropa istehsalı olan həm zovqlü həm də keyfiyyətli matriallardan istifadə olunmuşdur.Qazı, suyu, ışığı daimidir.. Binanın qarşısını heç bir Hündür mərtəbəli bina yoxdur. Ətrafda bütün infrastrukturlar vardır.Dəniz və Şəhər Mənzereli. Sürətli və müasir liftlə təmin edilmişdir. Hipotekaya yararlıdır.  Mənzil axtaranlar büçün bu çox böyük bir fürsətdir.   Xidmət haqqı 1%.",5,Bakı,Yasamal rayonu,metro. Elmlər Akademiyası,
371962,2022-09-26,Yeni tikili,12 / 4,85,3,Kupça,118000,Əmlak sahibi,"Mənzil İnşaatçılar metrosu Qismət şadlıq sarayı yaxınlığında yerləşir. Məktəb, baxça və bir çox iaşə abyektləri yaxınlığında ekoloji cəhətdən havası cox gözəl bir ərazidə yerləşir. Mənzil sahibi tərəfindən özü üçün təmir edilmiş təmirində avropa istehsalı olan həm zovqlü həm də keyfiyyətli matriallardan istifadə olunmuşdur. Sürətli və müasir liftlə təmin edilmişdir. Daimi qaz, su və işıq təminatı var. Təmiz 3 otaqdır quxna əlavə otaqdır. Bu Mənzilin əşyasız dəyəridir istəyə bağlı olaraq əlavə ödənişlə əşyalar saxlanıla bilər.  Mənzil axtaranlar üçün bu çox böyük bir fürsətdir. Sənəd çıxarışdır ipotekaya yararlıdır.  Xidmət haqqı 1%.",10,Bakı,Yasamal rayonu,metro. İnşaatçılar,
376065,2022-09-26,Yeni tikili,18 / 17,80,2,Kupça,105000,Vasitəçi / Rieltor,"Mənzil İnşaatçılar metrosu yaxınlığında 77 nömrəli marşurutun dayanacağında yerləşir. Mənzil əla vəziyyətdə  təmirlidir geniş otaqlardır. Mənzil sənədi müqavilədir, binada çıxarış var alan adam adına kupça aşdıra bilər.  Təcili satıldığı üçün dəyərindən xeyli aşağı təklif edilir. Real alıcıya kiçik bir endirim də nəzərdə tutulur.",9,Bakı,Yasamal rayonu,metro. İnşaatçılar,
380106,2022-09-26,Köhnə tikili,9 / 4,85,3,Kupça,115000,Vasitəçi / Rieltor,Ehmedli qes. Diaqnoz Tibb Merkezi yani  3 otaqli menzil satilir. Leningrad proyektdir. 9 Mertebeli binanin 4 cu mertebesin de yerlesir. Cenub Kunce dusur. Doseme parket. Ofisin xidmet haqqi= 1% teskil edir.,26,Bakı,Xətai rayonu,Əhmədli,metro. Əhmədli
380101,2022-09-26,Yeni tikili,16 / 9,108,2,Kupça,135000,Vasitəçi / Rieltor,Əhmədli qəs. Bakıkinoteatr yanı  Elitni  Binada  2 otaq Podmayak  mənzil satılır. Sənəd= Kupca. 16 Mərtəbəli binanın 9 cu mərtəbəsin də yerləşir. Sahə= 108 kv m təşkil edir. Binanın Qapalı Həyət yanı sahəsindən ibarətdir və Yeraltı Parking mövcuddur. Ofisin xidmet haqqı= 1% təşkil edir.,23,Bakı,Xətai rayonu,Əhmədli,metro. Əhmədli
380092,2022-09-26,Yeni tikili,6 / 2,60,2,Kupça,57000,Vasitəçi / Rieltor,"TƏCİLİ SATILIR. Qurtuluş 93 yaşayış kompleksində yerləşən 6 mərtəbəli binanın 2 ci mərtəbəsində yerləşən ümumi sahəsi 60 kv,metir olan yevro təmirli iki otaqlı mənzil əşyalarla birlikdə təcili satılır.bina tam yaşayışlıdır binada su işıq daimidir.şəhərcikdə mərkəzi istilik sistemi var.məktəb və baxçaya yaxındır.sakinlərin rahatçılığı üçün şəhərcikdə hərbir əlverişli şərait yaradılıb.ətraflı məlumat üçün buyurun zənk vurun.",16,Abşeron,Masazır,,
380098,2022-09-26,Köhnə tikili,4 / 2,64,3,Kupça,150000,Vasitəçi / Rieltor,Yasamal rayonu Z.B.Əhmədbəyov kücəsi Nizami mertrosu yaxınlığında 4 mərtəbəli binanın 2 mərtəbəsində 64 kv m sahəsi olan 3 otağlı təmirli mənzil satılır. Mənzilin qazı.suyu.işığı daimidir. Metroya 2 dəqiqəlik məsafədədir. Yaxınlıqda ticarət.və iaşə mərkəzləri var. Ofis haqqı 1%,17,Bakı,Yasamal rayonu,metro. Nizami,
380097,2022-09-26,Yeni tikili,20 / 12,105,3,Kupçasız,179000,Vasitəçi / Rieltor,"Skyland Mtk da 3 otaga duzelme Super Təmirli mənzil satılır. Təmirdən sonra yaşayış olmayıb. Təmir Yüksək səviyyədə və Ən Son Dizayna uyğun olaraq başa çatdırılıb. Dəhliz, Mətbəx və sanuzeller İsti döşəmə ilə təchiz olunub. Mənzildə gördüyünüz Çilçıraqlar, Pərdələr və digər Aksesuarlar evin dizayna uyğun olaraq quraşdırılıb. Sahə 105 kv m təşkil edir. Her otagin girisi ayridir. 20 Mərtəbəli binanın 12 ci  mərtəbəsin də yerləşir. Qiymətində E. ndrim olacaq. Ofisin xidmət haqqı 1% təşkil edir.",35,Bakı,Xətai rayonu,Əhmədli,metro. Həzi Aslanov 
330489,2022-09-26,Köhnə tikili,9 / 4,110,4,Kupça,145000,Vasitəçi / Rieltor,"  Qara Qarayev M/St etrafi.    Ruslan Market yani.    Lelingrad Lahiyeli.    Qanuni 4 Otag,Orta temirli.    Mertebe 9/4,Sahesi 110 kv.    Sened Cixarilis(kupca).    IPOTEKAYA yararli.    Real aliciya endirim var.      Melumat ucun elaqe saxlayin.      Ofis xidmet haqqi 1 %",10,Bakı,Nizami rayonu,metro. Qara Qarayev,
369339,2022-09-26,Köhnə tikili,5 / 5,90,4,Kupça,135000,Vasitəçi / Rieltor,"  Qara Qarayev M/St etrafi.    238 ve 145 mekteblerin yani,    Eksprimental Minsk,das bina.    4/3 otaga duzelme,Super temir,    Mertebe 5/5,Sahesi 90 kv,    Sened Cixarilis(kupca)    Real aliciya endirim var.    Melumat ucun elaqe saxlayin.      Ofis xidmet haqqi 1 %",7,Bakı,Nizami rayonu,metro. Qara Qarayev,
368155,2022-09-26,Yeni tikili,17 / 2,125,3,Kupça,245000,Vasitəçi / Rieltor,"  Qara Qarayev M/st Cixisi,    RAHATLIGIN MEKANI MTK,    Qanuni 3 Otag,    Sahesi 125 kv,Mertebe 17/2,    Super temir,Ideal lahiye,    Sened Muqavile,    Real aliciya endirim var,    Melumat ucun elaqe saxlayin,    OFIS xidmet haqqi 1 %",7,Bakı,Nizami rayonu,metro. Qara Qarayev,
368123,2022-09-26,Yeni tikili,18 / 11,70,2,Kupçasız,137000,Vasitəçi / Rieltor,"  Qara Qarayev M/st CIXISI.    2 Otaga duzelme,    Sahesi 69kv, Mertebe 18/11.    Super Temir,Ideal Lahiye.    Sened Muqavile.    Hal hazirda kirayede 700 azn.    Tam esyali deyeri 147000 azn.    Real aliciya endirim var    ACARLAR MENDE.....Menzili istediyniz zaman gostere bilerem.    Melumat ucun elaqe saxlayin.    OFIS xidmet haqqi 1 %.",11,Bakı,Nizami rayonu,metro. Qara Qarayev,
284227,2022-09-26,Yeni tikili,11 / 10,54,2,Kupçasız,106000,Vasitəçi / Rieltor,"  Qara Qarayev M/ST yaxinligi    Sevinc MALL yani    Orbita Premium MTK    1-2 duzelme,10/11 mertebe,54 kv    Ela temir,Sened Muqavile    Real aliciya endirim var      Melumat ucun elaqe saxlayin      OFIS xidmet haqqi 1 %",8,Bakı,Nizami rayonu,metro. Qara Qarayev,
373973,2022-09-26,Yeni tikili,14 / 2,160,4,Kupça,255000,Vasitəçi / Rieltor,"Qara Qarayev m/st yaxinligi,238 ve 145 nomreli mektebin yani.  Qanunu 4 Otag,Sahesi 160 kv,Mertebe 14/2,Ela temirli.TECILI SATILIR.Real aliciya endirim var.Sened Kupca.Melumat ucun elaqe saxlayin.OFIS XIDMET HAQQI 1 %",7,Bakı,Nizami rayonu,metro. Qara Qarayev,
377466,2022-09-26,Köhnə tikili,5 / 5,80,5,Kupça,90000,Vasitəçi / Rieltor,Suraxani rayonu suraxani qesebesinde 5/5 binada 5 otagli ev satilir kV 80 kubcasida var Evi banqada salmag olar bizde basqa Bina evleri de var 1otagli 2 otagli 3otagli 4 otagli 5 otagli Bina evlermiz var xayis edirem eve gelib baxanda ayleynen gelin gelende masinan gelin size nece ev gozderek xayis edirem makleler zeg vurmasin xayis edirem riyal Alici zeg vursun adim rovsendi vasdeciyem ev Alan bize 1 fayi hormet eliyir bizde cox yaxsi Bina evleri var,8,Bakı,Suraxanı rayonu,Suraxanı qəs.,
368125,2022-09-26,Yeni tikili,16 / 2,90,3,Kupça,130000,Vasitəçi / Rieltor,"  Qara Qarayev M/st yaxinligi.    Praqa Restoranin yani.    Yeni tikili bina.    Qanuni 3 Otag.    Sahesi 90 kv,Mertebe 16/2.    Sened KUPCA.    Ipotekaya yararli.    Binada Lahiyesinde QAZ YOXDUR    Merkezi istilik sistemi,Su,Isiq daimidir.    Real aliciya endirim var.    Melumat ucun elaqe saxlayin    Ofis xidmet haqqi 1 %",13,Bakı,Nizami rayonu,metro. Qara Qarayev,
374142,2022-09-26,Yeni tikili,5 / 1,76,3,Kupça,143000,Vasitəçi / Rieltor,Bakixanov qesebesinde 5 /1 mertebesinde 3 otagli kV 76 evin kubcasida var ev suber remotdu Evi banqada salmag olar bizde ev heyder barkin yaxinigindadi bizde 1 otagli 2 otagli 3 otagli 4otagli 5 otagli Bina evleri varimizdi xayis. Edirem gelib eve baxanda   ayleynen biryerde gelib gelende masinan gelib size necidene ev gosderey bizde ofisdi Telefon 24 saat acigdi gecede olsa zeg vurun bakixanovda evleri qiymeti curbecurdu diyim bilesiz adim rovsendi,12,Bakı,Sabunçu rayonu,Bakıxanov qəs.,
371122,2022-09-26,Köhnə tikili,9 / 9,58,2,Kupça,86000,Vasitəçi / Rieltor,"Hezi Aslanov M/st yaxinligi,Rahat Market yani.Kiev Lahiyeli,Mertebe 9/9,Qanuni 2 Otaqli ela temirli,tam esyali menzil satilir.Menzil orta bloc,Skvaznoydu lahiyesi.Real aliciya endirim mumkundur.Melumat ucun elaqe saxlayin.  OFIS XIDMET HAQQI 1 %",9,Bakı,Xətai rayonu,metro. Həzi Aslanov ,
380089,2022-09-26,Köhnə tikili,5 / 2,35,1,Kupça,66000,Vasitəçi / Rieltor,"Nizami Rayonu,Qara Qarayev metrosuna yaxin.5 mərtəbəli daş binanin 2 ci mərtəbəsində,1 otaqli,orta blok,mərkəzi istilik sistemi var.qiymət 66000 azn.əlavə məlumat üçün əlaqə saxlayin",21,Bakı,Nizami rayonu,8-ci kilometr,metro. Qara Qarayev
380088,2022-09-26,Köhnə tikili,5 / 1,68,3,Kupça,130000,Vasitəçi / Rieltor,Nəsimi rayonu S.Rüstəm kücəsi 5 mərtəbəli binanın 1 mərtəbəsində 68 kv m sahəsi olan 3 otağlı mənzil satılır. Mənzilin qazı.suyu.işığı daimidir. Bütün infrastruktura yaxın ərazidə yerləşir. Ofis haqqı 1 %,13,Bakı,Nəsimi rayonu,metro. Gənclik,
331488,2022-09-26,Köhnə tikili,9 / 7,80,3,Kupça,117000,Vasitəçi / Rieltor,"m.X.Dostluqu tam cixiwinda 100-150 metr arali,Q.Qarayev prospekti 9/7 eksperemental proyekt.orta blok.otaqlari ve hamam-tualet ayri,qaz su iwiq daimidir,merkezi istilik var,2 balkonu var.ela panorama,menzile temir lazimdir.kupcalidir real aligiya az endirim ola biler.yaxinliqda orta mekteb ve uwaq baxcasi var",20,Bakı,Nizami rayonu,8-ci kilometr,metro. Xalqlar Dostluğu
380087,2022-09-26,Yeni tikili,16 / 8,133,3,Kupça,260000,Vasitəçi / Rieltor,"Elmler metrosunun yaxinliginda,Huseyn Cavid prospektinde,Suvari magazasinin ustunde yeni tikili 16 mertebeli binain 11-ci mertebesinde 3 otaq menzil satilir.Kupca var.Binada qaznan yox elektriknendir.Istilik sistemi Merkezidir.Eshyasiz satilir.Menzilde iki sanuzel var (biri yataq otaginda digeri dehlizde).Binada daim islek liftler ve 24 saat muhafize xidmeti var.Binada avtoparking var.Elave melumat ucun elaqe saxlayin.",20,Bakı,Yasamal rayonu,metro. Elmlər Akademiyası,
380086,2022-09-26,Yeni tikili,15 / 4,50,2,Kupça,95000,Əmlak sahibi,"Sabunçu  ray. Bakıxanov qəs.Ərəblinski 16 ünvanında ,Brilliance Rezidens 2 layihəsində 15 mərtəbəli  binanın 4 cü mərtəbəsində yenicə təmir olunmuş,əşyalı 2 otaqlı mənzil satılır.Mənzildə yaşayış olmayıb.Təmirdə bahalı tikinti materiallarından istifadə olunub,məsələn Seela oboy kağızlarından,İtaliya kafel-metlaxından,Polşa parketindən istifadə edilib.Sanitar-qovşaq,bir də dəhliz isti poldur,yeni  kombi  sistemi də quraşdırılıb.Membran materialdan  mətbəx mebeli yığılıb, yeni qonaq,yataq dəsti,paltaryuyan və fotolarda gördüyünüz bütün əşyalar daxil satılır. Daimi su ,isiq,qazla təchiz olunub. Mənzil çox əlverişli kompleksdə  yerləşir.Böyük həyəti,iki fasiləsiz işləyən lifti(yük və  sərnişin üçün nəzərdə tutulan),lift problemi  yaşanmasın deyə  genertaor rejimi də  var..Həyətdə uşaqlar və  böyüklərin istirahəti  üçün hər cür  şərait yaradılıb.Həyətin yeraltı  qaraj xidməti də  var...",13,Bakı,Sabunçu rayonu,Bakıxanov qəs.,metro. Qara Qarayev
380085,2022-09-26,Köhnə tikili,9 / 9,50,2,Kupça,75000,Əmlak sahibi,Yeni Gunesli massiv AB orta evdi ..orta temirli suyu qazi daimi.merkezde yerlesir..menzil esyali satilir..,18,Bakı,Suraxanı rayonu,Yeni Günəşli qəs.,metro. Xalqlar Dostluğu
380084,2022-09-26,Yeni tikili,17 / 5,140,3,Kupça,260000,Vasitəçi / Rieltor,"   Mənzil Xətai metrosunun yaxınlığında yerləşir. Full təmirlidir. Əşyaları ilə birlikdə satılır. Əşyasız 255min qiyməti var. Bina 17 mərtəbəli binanın 5 ci mərtəbəsində yerləşir. Kupça var!    24 saat kamera mühafizəsi və binanın şəxsi güvənliyidə var!Binanın yerləşdiyi ərazi super infrastruktura malikdir. Yanında marketlər, mağazalar şəbəkəsi, aptek, müxtəlif iaşə obyektləri fəaliyyətdədir və s. Daha ətraflı telefonla. Şirkət haqqı 1%",15,Bakı,Xətai rayonu,metro.  Xətai,
380083,2022-09-26,Köhnə tikili,2 / 1,76,4,Kupça,89500,Vasitəçi / Rieltor,Sabuncu rayonu Bakıxanov qesebesi Agrı dag restiranin yanı Araz markete asan xidmete yaxın 2/1-ci mertebesi Nemes prayekti 3 otaq -4-otaga duzelme Ela temirli ekave bagcası var zaborda ümumi sahesi 76 kvm tecili satilir,13,Bakı,Sabunçu rayonu,Bakıxanov qəs.,metro. Neftçilər
379588,2022-09-26,Yeni tikili,13 / 7,64,2,Kupçasız,47500,Əmlak sahibi,"Təcili Satılır !!! Mənzil Respublika Baş Dövlət Yol Polisi İdarəsinin yaxınlığında, FHN Xüsusi riskli xilasetmə idarəsi ilə üz-üzə  Bineqedi Residence yaşayış kompleksində  13 mərtəbəli binanın 7-ci mərtəbəsində yerləşir. 2 otaqdan ibarətdir, 64 kv.m-dir, təmirsizdir. Su, işıq, qaz xətləri, lifti çəkilib. Binada yaşayış var. Mənzilin qiyməti 47 500 AZN-dir. Real müştəriyə yerində endirim olunacaq. Məbləğin müəyyən hissəsini maşınla barter etmək də mümkündür. Vasitəçi deyiləm, mənzil özümə məxsusdur.",33,Bakı,Binəqədi rayonu,Binəqədi qəs.,metro. 20 Yanvar
352602,2022-09-26,Yeni tikili,16 / 7,74,2,Kupça,83000,Vasitəçi / Rieltor,Yeni qünəşli qəsəbəsi B massivi on altı mərtəbəli binanın yeddinci mərtəbəsində sahəsi 74m² olan qanuni iki otağ super təmirli mənzil təcili olaraq satılır.Sənəd kupca.,20,Bakı,Suraxanı rayonu,Yeni Günəşli qəs.,metro. Xalqlar Dostluğu
371935,2022-09-26,Yeni tikili,17 / 4,51,2,Kupça,95000,Vasitəçi / Rieltor,Qara Qarayev metrosuna yaxın on yedd mərtəbəli binanın ücüncü mərtəbəsində sahəsi 49m² olan ikyə pridelka olunmuş əla təmirli mənzil təcili satlır.Ərazidə iki orta məktəb baxcalar marketlər yerləşir.Ətraflı məlumat ücün zənq edin.Qiymətdə real müştəri ilə uyuğnlaşmaq olar.Kirayə vermək ücündə uyğundur.500manata rahat vermək olar.,19,Bakı,Nizami rayonu,8-ci kilometr,metro. Qara Qarayev
380080,2022-09-26,Yeni tikili,17 / 17,87,3,Kupçasız,200000,Vasitəçi / Rieltor,"Elmler metrosu,Baki Dovlet Universitetinin yaxinliginda yeni tikili 17 mertebeli binanin 8-ci mertebesinde 3 otaq menzil satilir.Menzil eshyasiz satilir.Istilik sistemi kombidir.Menzilin senedi Muqaviledir.Binada muasir texnologiyaya uygun liftler ve 24 saat muhafize xidmeti var.Binada yeralti avtoparking var.Elave melumat ucun elaqe saxlayin.",25,Bakı,Yasamal rayonu,metro. Elmlər Akademiyası,
369207,2022-09-26,Yeni tikili,19 / 15,90,3,Kupça,215000,Vasitəçi / Rieltor,"Çıxarış var. İpotekaya yararlı mənzil.  Yasamal rayonu, Baku Mall-un yaxınlığında elit yaşayış kompleksində Qələbə Residence-də 3 otaqlıya düzəldilmiş xüsusi dizaynla təmir olunmuş  mənzil satılır. Sahə:90 kv.m. Mərtəbə:15/19.İsti döşəmə.Mənzildə təmirdən sonra yaşayış olmayıb.Kompleksin geniş həyəti,futbol meydançası,idman trenajorları və s. var.Yeraltı və yerüstü parkinq.İnşaatçılar metrosunun tam yaxınlığı.  KOD:K21  ________  Купчая есть. Подойдет под ипотеку.  Ясамальский район,около Baku Mall в элитном жилом комплексе Qələbə Residence продается 3-х комнатная квартира.Отличный ремонт.Площадь:90кв.м.Этаж:15/19.Теплый пол.После ремонта не жили.Комлекс имеет большой двор,футбольная площадка,тренажеры ,подземный и надземный паркинг и т.д.  КОД:К21",4,Bakı,Yasamal rayonu,,
355052,2022-09-26,Köhnə tikili,5 / 5,65,2,Kupça,140000,Vasitəçi / Rieltor,"Yasamal rayonu, Hüseyn Cavid prospektində,  Space  telekanalı ilə üzbəüz stalin layihəli binada 2 otaqlı mənzil satılır. Sahə: 65 kv.m.Mərtəbə:5/5.(Çardaqlı evdir və çardaq təmir olunub)Yelçəkəndir(hər iki tərəfə baxışı var). 2 eyvanı var və bir eyvan mərkəzi prospektə baxır.Mənzil yeni kosmetik təmir olunub.Elit kontingent.Tam inkişaf etmiş infrastruktura.Metro:Elmlər Akademiyası.Daha ətraflı məlumat üçün zəng edə bilərsiniz.  KOD:20  __________  Ясамальский проспект,по проспекту Гусейна Джавида,напротив телеканала  Space  продается 2-х комнатная сталинская квартира.Площадь: 65 кв.м. Этаж:5/5(Чердачный дом и чердак отремонтирован).Квартира сквозная.Имеется  балкона и один балкон выходит на центральный проспект.Квартира недавно косметически отремонтирована.Солидный контингент.Полностью развитая инфраструктура.Метро:Эльмляр Академиясы.Для подробной информации можете звонить.  КОД:20",4,Bakı,Yasamal rayonu,,
380079,2022-09-26,Yeni tikili,17 / 3,186,4,Kupça,420000,Əmlak sahibi,"Xətai metrosunnan 5 dəq.məsafədə,Amay Ticarət Mərkəzinin yanında,Salam Aleykum restoranı ilə üzbəüz mənzil satılır.Yaxınlıqda məktəb, super marketlər, uşaq baxçası, gözəllik salonu, fitness mərkəzi, idman kompleksi, restoran ve kafelər var.17 mərtəbəli binanın 3 cü mərtəbəsində yerləşir. Mənzil qanuni 4 otaqlıdır, 2 sanuzeli, tam təmirlidir.Şəkillər mənzilə məxsusdur, və ƏŞYASIZ satılır. Qeyd :Qaz, su, işıq daimidir, istilik sistemi kombidir",15,Bakı,Xətai rayonu,Ağ şəhər,metro.  Xətai
380078,2022-09-26,Yeni tikili,19 / 9,112,3,Kupça,197000,Vasitəçi / Rieltor,"Kupcali+qazli.Ela temirli menzil.Y/Yasamalda bravo super marketle uz be uz yeni tikilide 19 mertebeli binanin 9-cu mertebesinde 3 otaqli menzil satilir.Menzil ela temir olunub.Temirde bahali ve keyfiyyetli materiallardan istifade olunub.Menzil yeni temirden cixib,temirden sonra menzilde yasayis olmayib.Menzilin butun otaqlari ve metbexi genis ve isiqlidir.Menzil yerlesen bina orta mektebe,usaq baxcasina,dayanacaga,ticaret merkezleri olan bravoya,bizim markete,bazaestora cox yaxin mesafededir.Binanin yeralti avtoparki 24 saat muhafizesi var.",24,Bakı,Yasamal rayonu,Yeni Yasamal qəs.,metro. İnşaatçılar
380076,2022-09-26,Köhnə tikili,9 / 9,55,2,Kupça,68000,Vasitəçi / Rieltor,Bazar dəyərindən aşağı .Xətai rayonu Gəncə pr də dənizə möhtəşəm panoramalı 2 otaqdan 3 otağa düzəlmə mənzil satılır.Mənzil 9 mərtəbəli binanın 9 cu mərtəbəsində yerləşir.Ev künc mənzildir lakin nəmişlik yoxdur.Otaqlar təmirlidir cuzi olaraq eyvana vəsait xərclənməlidir.Bu qymətə bu ərazidə mənzil tapmaq çox çətindir.Real alıcıya endirim olunacaq.,30,Bakı,Xətai rayonu,Əhmədli,metro. Əhmədli
380074,2022-09-26,Köhnə tikili,9 / 3,80,3,Kupça,145000,Vasitəçi / Rieltor,"Hezi Aslanov,metro cixishi,Grand marketin arxasi 9/3 tam temirli 3 otaqli menzil satilir!",20,Bakı,Xətai rayonu,metro. Həzi Aslanov ,
380073,2022-09-26,Köhnə tikili,5 / 3,240,6,Kupça,598000,Əmlak sahibi,"В центре города на улице Низами 137 в престижном районе, метро бульвар, школа садик все рядышком.один этаж , объединённые 2 квартиры , купчие и документы в порядке, дорогой ремонт, поле ремонта в квартире не кто не жил, турецкий хамам, теплый пол ,4 балкона , красивая уютная кухня .интеллигентные соседи.можно с вещами . реальным клиентам будет хорошо скидка!",25,Bakı,Nəsimi rayonu,metro. 28 May,
375494,2022-09-26,Yeni tikili,17 / 12,110,3,Kupçasız,118000,Vasitəçi / Rieltor,Xirdalanda Heyder Eliyev parkinin yaninda 17 mertebeli binanin 12 ci mertebesinde ümumi sahesi 110kv/m 3 otaqli super temirli menzil satilir menzil keyfiyyetli materiallarnan temir olunub menzilin panaramasi parka baxir bina tam yaşayisli binadir 2 lifti ve geniş avto parki var binada qaz su işiq daimidir sened etibarli şekilde şirket daxili muqaviledir   Qiymet 118000   Etrafli zeng vurub melumat ala bilersiz,3,Xırdalan ş.,,,
375476,2022-09-26,Yeni tikili,16 / 12,95,3,Kupça,112000,Vasitəçi / Rieltor,Xirdalanda tam merkezde köhne bazarin yaninda 16 mertebeli binanin 12 ci mertebesinde ümumi sahesi 95 kv/m 3 otaqli super temirli menzil satilir menzilin temirinde keyfiyyetli materiallardan istifade olunub binada qaz su işiq daimidir bina tam yaşayişlidir 2 lifti var sened KUPCADIR (CIXARIŞ)  Satişda başqa evlermizde var etrafli zeng edib maraqlana bilersiz  Qiymet 112000,3,Xırdalan ş.,,,
377263,2022-09-26,Yeni tikili,14 / 5,62,2,Kupça,77000,Vasitəçi / Rieltor,Xirdalanda köhne bazarin yaninda tam merkezde 14 mertebeli binanin 5 ci mertebesinde ümumi sahesi 62kv/m olan 2 otaqli menzil satilir bina tam yaşayişli binadir menzilin temiri ela veziyyetde ve temirinde keyfiyyetli materiallardan istifade olunub qaz su isiq daimidir menzilin senedi KUPCADIR (CIXARIŞ)  Qiymet 77000,2,Xırdalan ş.,,,
378823,2022-09-26,Yeni tikili,17 / 4,55,2,Kupça,70000,Vasitəçi / Rieltor,Xirdalanda girişde merkezi yolun kenarinda 17 mertebeli binanin 4 cü mertebesinde ümumi sahesi 55 kv/m olan 2 otaqli temirli menzil satilir bina tam yaşayişli binadir qaz su işiq daimir 2 işlek lifti var sened KUPCADIR (CIXARIŞ)  Qiymet 70000 azn   Satişda başqa evlermizde var etrafli zeng vurub melumat ala bilersiz,12,Xırdalan ş.,,,
378997,2022-09-26,Yeni tikili,16 / 4,76,3,Kupça,90000,Vasitəçi / Rieltor,Xirdalanda Merkezi Yolun Tam kenarinda dayanacaga yaxin Yeni tikili 16 meetebeli Binanin 4 ci mertebesinde  3 otaqa duzelme temirli menzil Bina tam yaşayişli Binadir qaz su işiq daimdir binanin 2 lifti ve yeralti qaraji var menzil deyerinden ucuz satilir sened kupca,8,Xırdalan ş.,,,
369302,2022-09-26,Köhnə tikili,5 / 4,55,2,Kupça,65000,Vasitəçi / Rieltor,Sumqayıt şəhər 10-cu mikrorayon 5 mərtəbənin 4-cü mərtəbəsində orta blokda 2 otaqlı Leninqrad lahiyəli mənzil satılır. Sadə səliqəli mənzildir. Hər iki tərəfə Balkonu Var.,15,Sumqayıt,10-cu mikrorayon,,
374599,2022-09-26,Yeni tikili,16 / 6,80,3,Kupça,104000,Vasitəçi / Rieltor,Xirdalanda Merkezi Yolun Tam kenarinda dayanacaga yaxin Yeni tikili 16 meetebeli Binanin 6 ci mertebesinde orginal  3 otaqli  temirli menzil Bina tam yaşayişli Binadir qaz su işiq daimdir binanin 2 lifti ve yeralti qaraji var menzil deyerinden ucuz satilir sened kupca,2,Xırdalan ş.,,,
352839,2022-09-26,Yeni tikili,15 / 7,64,2,Kupça,89000,Vasitəçi / Rieltor,Xirdalanda  Kristal Abşeronda icra hakimiyyetinin yaninda baki sumqayit suret qatarina piyada 2 deq mesafade yeni tikili 15 mertebeli binanin 7 ci  mertebesinde orginal 2 otaqli temirli menzil  tam eşyali satilir bina tam yaşayişli binadir qaz su işiq daimdir binanin 2 lifti var  sened kupca,3,Xırdalan ş.,,,
380069,2022-09-26,Yeni tikili,17 / 11,120,3,Kupçasız,295000,Vasitəçi / Rieltor,"SUPER TƏMİRLİ MƏNZİL SATILIR !!!  Şəhərimizin ən gözəl ərazilərindən biri olan Elmlər metrosu yaxınlığında yerləşən yeni tikili 17 mərtəbəli elit binanın 11-ci mərtəbəsində qanuni 3 otaqlı mənzil satılır.Mənzilin layihəsində heç bir dəyişiklik olmayıb.Sahəsi 120 kv/m-dir.Sənədi müqavilədir.Kupça 1 aya alınacaq.Daimi qazı,suyu,işığı var.İstilik sistemi kombidir.Hər iki tərəfə baxışı var.Mənzil keyfiyyətli materiallarla yüksək səviyyədə təmir olunub və texnika da daxil olmaqla tam əşyalı satılır.Bina yüksək yaşayış standartlarına sahibdir.Binanın həyəti,parkinqi,sürətli liftləri.səliqəli blokları var.İnfrastruktur cəhətdən şəhərin ən yaxşı inkişaf etmiş ərazisində yerləşir.Yaxınlıqda məktəb,baxça,market və digər iaşə obyektləri var.  QEYD : mənzil 2 aya satılmasa satışı dayanacaq,çünki, qiyməti qalxacaq.  QİYMƏTİ - 295 000 AZN  ALICIDAN ALINAN FAİZ - 1%",12,Bakı,Yasamal rayonu,,
380068,2022-09-26,Yeni tikili,16 / 2,85,3,Kupçasız,124000,Vasitəçi / Rieltor,"Yeni tikil binada podmayak 3 otaqlıya düzəlmiş mənzil satılır.   Hər otağa və mətbəxə pəncərə düşür,ideal bölünüb. Mənzilin santexnik,elektrik,isti pol ,mayak işləri görülüb.   Mənzilin sahəsi 85 kv/m2.   Mənzil 16 mərtəbəli binanın 2-ci mərtəbəsində yerləşir.   Bina hazırdı və binada yaşayiş var. Lift var. Qaz,su,işıq daimidir.   Yer altı dayanacağı və gözəl həyatı.   Bina çox keyfiyyətli tikilib.   Sənədi müqavilə,tezliklə çıxarış (kupça) veriləcək.   Baxmaq istiyen əlaqə saxlasın.   Cuzi endirim olacaq.",17,Bakı,Səbail rayonu,Badamdar qəs.,
380067,2022-09-26,Yeni tikili,18 / 8,65,2,Kupça,112000,Vasitəçi / Rieltor,"TECILI !!!  DEYERINDEN ASAGI !!!    Nizami rayonu Bekir Cobanzade kucesi Oskar sadliq sarayi yaxinliginda 18 mertebeli binanin 8 ci mertebesi umumi sahesi 65kvm olan 1 otaqdan 2 otaga duzelme menzil satilir, Kupca-ni menzili alan sexs asanliqla ala biler, qaz su isiq daimdir......  SIRKET XIDMET HAQQI 1%",19,Bakı,Nizami rayonu,metro. Neftçilər,
380065,2022-09-26,Yeni tikili,16 / 5,170,3,Kupça,500000,Vasitəçi / Rieltor,"Elmler metrosu,Metropol restoraninin ustunde yeni tikili 16 mertebeli binanin 5-ci mertebesinde 3 otaq menzil satilir.Menzil eshyalari ile birlikde satilir.Menzile aid 2 masinliq qaraj var.Kupca var.Binada muasir texnologiaya uygun liftler ve 24 saat muhafize xidmeti var.Elave melumat ucun elaqe saxlayin.",12,Bakı,Yasamal rayonu,metro. Elmlər Akademiyası,
380064,2022-09-26,Yeni tikili,19 / 4,80,2,Kupça,180000,Vasitəçi / Rieltor,Tecili!! Nerimanov metrosu Azinko yasayis kompleksinde 19 mertebeli binanin 4 cu mertebesinde sahesi 92 kv olan 2 otaqli menzil satilir. Sened kupcadir. 7/24 muhafize yeralti qarac parking usaqlar ucun eylence yerleri genish heyet ve butun iashe abyektleri movcuddur. Zeng vurub maraqlana bilersiz. Real musterilere endirim olacaq. Xidmet haqqi 1% teskil edir,14,Bakı,Nərimanov rayonu,metro. Nəriman Nərimanov,
380062,2022-09-26,Köhnə tikili,5 / 5,88,4,Kupça,165000,Vasitəçi / Rieltor,Yeni Salınan Zəfər Parkının düz qarşısında olan 5 mərtəbəli Stalinka bina.. SAATLİ BİNA..  Parking  Evin hədsiz gözəl Ponaraması var..Bulvara piyada 2-3 deqiqe yol var..  Mənzil 3 otaqdır. Orta təmirlidir.. İpotekaya yararlı deyil..  Qiymətdə cüzi endirim mümkündür..,18,Bakı,Xətai rayonu,metro.  Xətai,
380060,2022-09-26,Yeni tikili,12 / 3,108,3,Kupçasız,270000,Vasitəçi / Rieltor,"Sebail rayonu , Nizami kucesi 4 , Iceri Seher metrosunun 500 metr yaxinliginda tikilen PILOT- RESIDENCE Yasayis kompleksi PREMIUM KLASS 12/3 108 kv 3 otaqli temirsiz menzil satilir.  Binada her mertebesinde 2 menzil olan 90 menzil yerlesir. PILOT- RESIDENCE ince memarligi ve yuksek keyfiyyetli insasi ile ferqlenir. Binanin 2 suretli sessiz liftleri  ( MITSUBISHI) , 8 bal gucunde zelzele davamlili , ehtiyat generator sistemi, su temizleme sistemi, elave tehlukesizliyi merkezlesdirilmis yaginsondurme, videomusahide ve muhafize sistemi, 3800 kv/m qapali ve genis heyeti, 2 mertebeli yeralti parking ,istirahet ve usaq oyunlari ucun zonalar . Infrastrukturlari--- usaq baxcasi ( 150, 189 nomreli) , yaxinliqda Dovlet Idarecilik Akademiyasi ve Azerbaycan Dovlet Iqtisad Universiteti , SAPFIR - PLAZA Biznes merkezi , Bravo , Spar magazalari , restoranlar, Bank sobesi , Poct Metro ve.s",9,Bakı,Səbail rayonu,metro. İçəri Şəhər,
380059,2022-09-26,Yeni tikili,18 / 16,157,3,Kupça,300000,Vasitəçi / Rieltor,"PANORAMALI  MƏNZİL  SATILIR !!!  Şəhərimizin ən gözəl ərazilərindən birində Mirəli Seyidov küçəsində yerləşən yeni tikili 18 mərtəbəli binanın 16-cı mərtəbəsində  qanuni 3 otaqlı mənzil satılır.Sahəsi 157 kv/m-dir.Sənədi KUPÇADIR(ÇIXARIŞ).Mənzil yaxşı təmirlidir və texnika da daxil olmaqla tam əşyalı satılır(əşyalar da qiymətə daxildir).Daimi qazı,suyu,işığı var.3 eyvan mövcuddur.Mənzilin şəhərə və dənizə panoraması var.Binanın həyəti,parkinqi,sürətli liftləri var.Bina infrastruktur tərəfdən şəhərin ən yaxşı inkişaf etmiş ərazisində yerləşir.Yaxınlıqda məktəb,baxça,market və digər iaşə obyektləri var.  QİYMƏTİ  -  300 000 AZN  ALICIDAN ALINAN FAİZ - 1%",7,Bakı,Yasamal rayonu,,
380057,2022-09-26,Yeni tikili,19 / 3,92,2,Kupça,180000,Vasitəçi / Rieltor,Tecili!! Nerimanov metrosu Azinko yasayis kompleksinde 19 mertebeli binanin 3 cu mertebesinde sahesi 92 kv olan 2 otaqli menzil satilir. Sened kupcadir. 7/24 muhafize yeralti qarac parking usaqlar ucun eylence yerleri genish heyet ve butun iashe abyektleri movcuddur. Zeng vurub maraqlana bilersiz. Real musterilere endirim olacaq. Xidmet haqqi 1% teskil edir,13,Bakı,Nərimanov rayonu,metro. Nəriman Nərimanov,
380054,2022-09-26,Yeni tikili,17 / 3,57.7,2,Kupçasız,132000,Vasitəçi / Rieltor,"Nerimanov metrosu Heyder Eliyev merkezinin yaxinliginda, Zumrud MTK yasayis kompleksinde 17 mertebeli binanin 3 cu mertebesinde sahesi 57.7 kv olan 2 otaqli podmayak menzil satilir. 7/24 muhafize yeralti qarac parking usaqlar ucun eylence yerleri genish heyet ve butun iashe abyektleri movcuddur. Zeng vurub maraqlana bilersiz. Real musterilere endirim olacaq. Xidmet haqqi 1% teskil edir",13,Bakı,Nərimanov rayonu,,
380051,2022-09-26,Köhnə tikili,2 / 2,170,6,Kupça,360000,Vasitəçi / Rieltor,"Nizami mt. Yani. Seherin Merkezinde.  POD OBYEKT. 2- Mertebeli Arxitekturali Binanin 2-ci Mertebesi. Girisi Blokdan Yalniz Ev Sahibi Istifade Eliyir. Qonsular Yoxdur. 6- Otaqli. Umumi Sahesi 170 kv.m Temiz Temirli. Merkezi Istilik Sistemi Var. Evin Hundurluyu 4- Metrdi. Metbex Mebeli. Hamam/Tualeti Ayri ayridir. 2- Genis Balkonu Merkezi Yola Baxir. Menzili Bagca, Ofis, Stomatoloq kimi istifade elemek olar. Senedi: Kupca.",15,Bakı,Yasamal rayonu,metro. Nizami,
380050,2022-09-26,Köhnə tikili,9 / 2,80,3,Kupça,173000,Vasitəçi / Rieltor,"TECILI !!! ELMLER m/st ve Baki Dovlet Universtetinin yaninda 3 otaqli ELA temirli menzil satilir !!!  Menzil metbex studio tipli temir olunub.  Bina 1996 il Eskpremental dash binadir,SKVAZNOYDUR,liftler YENILENIB. Qaz su isiq daimidir !!! KUPCALIDIR !!!    Etrafli melumat ucun qeyd olunan nomre ile elaqe saxlaya bilersiz. (Whatsapp aktivdir)  Ofis haqqi 1%",7,Bakı,Yasamal rayonu,,
380048,2022-09-26,Yeni tikili,16 / 13,93.3,2,Kupça,158000,Vasitəçi / Rieltor,Tecili Satilir!! Nerimanov metrosu metroparklin yaxinliginda 16 mertebeli binanin 13 cu mertebesinde sahesi 93.3 kv olan 2 otaqli menzil satilir. Sened kupcadir. 7/24 muhafize yeralti qarac parking usaqlar ucun eylence yerleri genish heyet ve butun iashe abyektleri movcuddur. Zeng vurub maraqlana bilersiz. Real musterilere endirim olacaq. Xidmet haqqi 1% teskil edir,13,Bakı,Nərimanov rayonu,metro. Nəriman Nərimanov,
380046,2022-09-26,Yeni tikili,8 / 4,80,2,Kupça,118000,Əmlak sahibi,ev super təmi̇rli̇di̇r.təci̇li̇ satilir bu qi̇ymətə bu cur təmi̇rli̇ panaramaii  ev tapa bi̇lməyəcəksi̇ni̇z.tələsi̇n!!!,8,Abşeron,Masazır,,
380044,2022-09-26,Köhnə tikili,9 / 2,65,2,Kupça,73000,Vasitəçi / Rieltor,"TECILI SATILIR   Mənzil Qaraçuxur qes.146 saylı məktəbin yanında yerləşi,9mertebeli binanın 2ci mertbesidir,mətbəxdən ayrıca balkona çıxış var .Binada su,işıq,qaz,istilik təchizatı,ev telfonu ,internet daimidir,sənəd kupcadir.Binanin qarşısında baxça,məktəb,mağazalar var,yol qiragidir ELAVE MELUMAT UCUN GOSTERILEN NOMRE ILE ELAQE SAXLAYA BILERSIZ  OFIS XIDMET HAQQI 1 %",38,Bakı,Suraxanı rayonu,Qaraçuxur qəs.,
380039,2022-09-26,Yeni tikili,19 / 13,98,3,Kupçasız,167000,Vasitəçi / Rieltor,Menzil Bona Dea xestexanasin yaninda yerlesir.2/3 otaga duzelmesdir yatag usag otagi genisdir. genis balkonu var balkon isti polla tehciz olunub.esas girisde elave qardirov otagi var.sened muqaviledir.ofis haqqi 1% teskil edecek,19,Bakı,Nizami rayonu,metro. Qara Qarayev,
379782,2022-09-26,Yeni tikili,18 / 1,30,2,Kupça,65000,Vasitəçi / Rieltor,"Azadlıq metrosuna yaxın ərazidə yerləşən,18 mərtəbəli yeni tikili binanın 1-ci mərtəbəsində,1 otaqdan 2 otağa düzəlmə,tam təmirli,kupçalı mənzil satılır.Qaz,su,işıq,istilik daimidir.Sənədləri qaydasındadır.Qiyməti 65000 AZN.Real alıcı ilə razılaşma olacaq.",28,Bakı,Binəqədi rayonu,8-ci mikrorayon,metro. Azadlıq prospekti
379717,2022-09-26,Yeni tikili,16 / 16,59,2,Kupçasız,140000,Vasitəçi / Rieltor,Nərimanov da metroparkin qarşisinda olan yeni tikili Rahatliğin məkaninda 2 otağa düzəlmə mənzil satişa çixarilib.Metroya 3 dəq məsfədə yerləşir.Əlavə məlumat üçün əlaqə saxliya bilərsiz.,17,Bakı,Nərimanov rayonu,metro. Nəriman Nərimanov,
379671,2022-09-26,Yeni tikili,20 / 9,60,2,Kupça,150000,Vasitəçi / Rieltor,Nərimanov rayonu Kosmos mtk.  ✔ Əliyar Əliyev küçəsi metroya 10-15 dəq məsafədə.  ✔ 2 otaqli.  ✔ Əşyali  ✔ Çixarişi var.  ✔ Əlavə məlumat üçün əlaqə saxliya bilərsiz.,17,Bakı,Nərimanov rayonu,metro. Nəriman Nərimanov,
379561,2022-09-26,Yeni tikili,15 / 11,98,3,Kupça,154000,Vasitəçi / Rieltor, Xətai rayonu Əhmədli metrosu  ✔ Əhmədli metrosu yaninda olan yeni tikili binada yeni mənzil satişa çixarilib.  ✔Mənzildə 2 sanuzel mövcuddur.  ✔ Yeni tikillidir.  ✔ 2 otaqdan 3 otağa düzəldilib ama qanuni       3 otaq kimidi hər otağin pəncərəsi var.  ✔ Mənzilin çixarişi var və sahəsi 98 kv dir.  ✔ Mənzil əşyasiz satilir.  ✔ Əlavə sualiviz olarsa əlaqə saxliya bilərsiz.,21,Bakı,Xətai rayonu,metro. Xalqlar Dostluğu,
379233,2022-09-26,Köhnə tikili,9 / 9,90,4,Kupça,96000,Vasitəçi / Rieltor,"Suraxanı rayonu Qaraçuxur qəsəbəsində 9 mərtəbəli Leninqrad layihəli binanın 9-cu mərtəbəsində,qanuni 4 otaqlı,təmirli,kupçalı,mənzil satılır.Qaz,su,işıq,istilik daimidir.İpotekaya yararlıdır.Əşyalar istəyə görə razılaşma yolu ilə evdə qala bilər.Qiyməti 96000 AZN.Real alıcı ilə razılaşma olacaq.",16,Bakı,Suraxanı rayonu,Qaraçuxur qəs.,metro. Neftçilər
379228,2022-09-26,Köhnə tikili,9 / 3,100,4,Kupça,145000,Vasitəçi / Rieltor,"Sabunçu rayonu Bakıxanov qəsəbəsində 9 mərtəbəli Leninqrad layihəli binanın 3-cü mərtəbəsində,qanuni 4 otaqlı,tam təmirli,kupçalı mənzil satılır.Qaz,su,işıq daimidir.İstilik sistemi kombidir.Bəzi əşyalarla birlikdə satılır.Qiyməti 145000 AZN.Real alıcı ilə razılaşma olacaq.",22,Bakı,Sabunçu rayonu,Bakıxanov qəs.,metro. Neftçilər
379164,2022-09-26,Köhnə tikili,9 / 6,70,3,Kupça,98000,Vasitəçi / Rieltor,"Suraxanı rayonu Qaraçuxur qəsəbəsində 9 mərtəbəli Leninqrad layihəli binanın 6-cı mərtəbəsində,ümumi sahəsi 70 kv.m. olan,qanuni 3 otaqlı,təmirli,kupçalı mənzil satılır.Sənədləri qaydasındadır.Mənzil bəzi əşyaları ilə birlikdə satılır.Qaz,su,işıq,istilik daimidir.Qiyməti 98000 AZN.Real alıcı ilə razılaşma olacaq.",15,Bakı,Suraxanı rayonu,Qaraçuxur qəs.,metro. Neftçilər
379143,2022-09-26,Köhnə tikili,9 / 7,40,1,Kupça,60000,Vasitəçi / Rieltor,"Suraxanı rayonu Qaraçuxur qəsəbəsində 9 mərtəbəli Leninqrad layihəli binanın 7-ci mərtəbəsində 1otaqlı orta təmirli,kupçalı mənzil satılır.Qaz,su,işıq,istilik daimidir.Sənədləri qaydasındadır.Yaxınlığında market,məktəb,bağça var.Qiyməti 60000 AZN.Real alıcı ilə razılaşma olacaq.",12,Bakı,Suraxanı rayonu,Qaraçuxur qəs.,metro. Neftçilər
379133,2022-09-26,Köhnə tikili,9 / 7,75,3,Kupça,120000,Vasitəçi / Rieltor,Ehmedlide Neapol dairesine yaxinliqda Kiyev layiheli 9/7-ci mertebesinde 3 otaqli menzil satisa teqdim olunur.Menzil orta temirlidir orta blokda yerlesir istilik sistemi kombidir (radiatorlar var amma kombi aparatinin ozu yoxdur) qazi isigi suyu daimidir.Yer olaraq yaxsi yerde yerlesir etrafinda mekteb ve baxca var elave marketler aptekler ve diger obyektler yerlesir.Senedler qaydasindadir Kupca.Etrafli buyurun elaqe saxlayin.,24,Bakı,Xətai rayonu,Əhmədli,metro. Əhmədli
379022,2022-09-26,Köhnə tikili,9 / 5,40,1,Kupça,53000,Vasitəçi / Rieltor,"Suraxanı rayonu Yeni Günəşli qəsəbəsində 9 mərtəbəli Leninqrad layihəli binanın 5-ci mərtəbəsində,1 otaqlı,orta təmirli,kupçalı mənzil satılır.Qaz,su,işıq,istilik daimidir.Sənədləri qaydasındadır.Qiyməti 53000 AZN.Real alıcı ilə razılaşma olacaq.",17,Bakı,Suraxanı rayonu,Yeni Günəşli qəs.,metro. Xalqlar Dostluğu
378188,2022-09-26,Köhnə tikili,5 / 4,80,3,Kupça,250000,Vasitəçi / Rieltor,TECİLİ.Sebail rayonu azneftde sokarn etrafnda qanuni 2 otaqli 3 düzelmis artilmayla menzil satşa teqdim olunur.Menzilin 2 girişi var ve geniş heyeti menzil skvaznoydu 2 qanuni otaq ve artilma 1 otaqda sendide var.tavanin hundurluyu 4 metirdi ve düzelme otaq 30 kvm dir.Elave melumat üçün buyrub əlaqə saxlaya bilersiniz.,13,Bakı,Səbail rayonu,metro. İçəri Şəhər,
380037,2022-09-26,Yeni tikili,14 / 2,115,3,Kupça,215000,Vasitəçi / Rieltor,Nizami rayonu Nefciler Starin yani  14 mertebeli binanin  2 ci mertebesi  3 otaq kupcali  115 kv orta temrli menzil satilir qiymet   215.000 manat,18,Bakı,Nizami rayonu,8-ci kilometr,metro. Neftçilər
380034,2022-09-26,Yeni tikili,19 / 16,123,3,Kupça,265000,Vasitəçi / Rieltor,Babək Plazanın arxasında metronun yaxınlığında 19un 16cı mərtəbəsində 123 kv.m yelçəkən mənzil satılır. Mənzil 3 otaqlıdır. Şəkildə gördüyünüz vəziyətdə qəşəy təmirlidi. Bütün Əşyalarla birgə satılır. Qiymət 265000AZN. Ofis haqqı 1%,13,Bakı,Xətai rayonu,metro.  Xətai,
380030,2022-09-26,Yeni tikili,16 / 4,102,2,Kupçasız,165000,Vasitəçi / Rieltor,"Nerimanov Rayonu, Serq Bazarin Yaxinliginda, Armoni Residence, 16/4  102 kv 2 otaqli temirsiz menzil satilir.",9,Bakı,Nərimanov rayonu,,
380029,2022-09-26,Köhnə tikili,5 / 1,60,2,Kupça,119000,Vasitəçi / Rieltor,"TECILI Seherin merkezinde  Amerika Sefirliyinin yaninda yerlesen 5 mertebeli binanin 1 ci mertebesinde Stalinka layihesi olan temirli Menzil satilir !! Blokun 1-ci mertebesinde basqa menzil yoxdur.Menzilin yataq otaginin ve balkonunun alti temizdir ve Zirzemi kimi istifade olunur (otaqlardan giris movcuddur) Qaz,su,isiq daimidir.Istilik sistemi Kombidir. Sanitar qovsagin ve dehliz isti doseme ile techiz edilmisdir.Otaqlarin hundurluyu 3.15 m-dir. Elave melumat ucun real alicilar buyurub elaqe saxlaya bilerler Ofis xidmət haqqı 1%",11,Bakı,Nəsimi rayonu,,
380026,2022-09-26,Köhnə tikili,5 / 5,110,4,Kupça,125000,Vasitəçi / Rieltor,"Bakıxanov qəsəbəsində, 94 nömrəli məktəbin yanında 5 mərtəbəli binanın 5 ci mərtəbəsində 4 otaqlı normal təmirli mənzil satılır. Binanın yaxınlığında 2 uşaq bağcası,məktəb,marketlər,avtobus dayanacağı və digər iaşə obyektləri yerləşir. Binanın qazı,suyu,işığı daimidir,geniş və sakit məhləsi var. Mənzil orta blokda yerləşir. Real alıcıya endirim olacaq.",17,Bakı,Sabunçu rayonu,Bakıxanov qəs.,metro. Neftçilər
380024,2022-09-26,Yeni tikili,27 / 24,100,2,Kupça,230000,Vasitəçi / Rieltor,"Yasamal rayon, GRAND HAYAT yaşayış kompleksində əla təmirli Mənzil Satılır. Mənzilin əla  proyekti var, bütün otaqlardan balkona cıxış var. İşıqli mənzildir. Mənzilin Qarajda var satışda+20000AzN. Ətraflı məlumat ucun əlaqə saxlaya bilərsiniz. Ofis xidmət haqqi alıcı tərəfindən 1% təşkil edir.",14,Bakı,Yasamal rayonu,,
333486,2022-09-26,Yeni tikili,11 / 11,58,2,Kupça,58000,Vasitəçi / Rieltor,"Abşeron rayon Masazır qəsəbəsi Yeni Masazir yasayis kompleksi.Yaxinliginda Məktəb Baxça fəaliyyət göstərir.Su İşıq  Qaz ve Lift daimidır.Bina 11 mərtəbəlidir.Mənzilde 11 ci mərtəbədir(Mansard deyil,üste betondur).Senedleri tam qaydasindadir(Kupca var).",10,Abşeron,Masazır,,
380023,2022-09-26,Yeni tikili,27 / 23,100,2,Kupça,235000,Vasitəçi / Rieltor,"PREMİUM BİNADA SUPER TƏMİRLİ MƏNZİL SATILIR !!!  Şəhərimizin ən gözəl və premium komplekslərindən biri olan Grand Həyat Yaşayış Kompleksində 27 mərtəbəli binanın 23-cü mərtəbəsində qanuni 2 otaqlı mənzil satılır.Sahəsi 100 kv/m-dir.Daimi qazı,suyu,işığı var.İstilik sistemi kombidir.Mənzilin həm həyətə,həm də dənzə panoraması var.Mənzilin sənədi müqavilədir, amma binanın dövlətə təhvil aktı var, yəni kupçalaşıb.İstənilən zaman kupça almaq olar.Mənzil keyfiyyətli materiallarla  xüsusi zövqlə tam təmir olunub.Tmirdən sonra yaşayış olmayıb.Binanın həyəti,parkinqi,sürətli liftləri,sakinlərin istirahəti və təhlükəsizliyi üçün hər bir şəraiti var.Bina infrastruktur tərəfdən şəhərin yaxşı inkişaf etmiş ərazisində yerləşir.Yaxınlıqda məktəb,baxça,market və digər iaşə obyektləri var.  QİYMƏTİ  -  235 000 azn  ALICIDAN ALINAN FAİZ  -  1%",13,Bakı,Yasamal rayonu,,
380022,2022-09-26,Köhnə tikili,9 / 5,110,5,Kupça,160000,Vasitəçi / Rieltor,Azadliq prospekti m/s yaxinliqinda Istanbul klinikasinin yaninda yerlesen kohne tikili 9 mertebeli binanin 5-ci mertebesinde zeif temirli kiyev lahiyeli qanunu 5 otaqli menzil satilir menzil orta menzildir yelcekendir otaqlar hamisi isiqli ve ayri ayridir istilik sistemi mekrezi qaz su isiq daimidir senedler CIXARIS (KUPCA) iledir IPATEKAYA yarayir binanin genis heyetyani sahesi var parkovka problemi olmur etrafda her bir infrastruktur movcuddur metroya ayaqla 2-3 deqiqelik mesafe OFIS HAQQI 1%  0502093674,21,Bakı,Binəqədi rayonu,8-ci mikrorayon,metro. Azadlıq prospekti
380020,2022-09-26,Yeni tikili,17 / 6,103,3,Kupça,181000,Vasitəçi / Rieltor,"Xətai raynou , Həzi Aslanov metrosunun çıxışı , M.hadi küçəsi  ✔ 17 mərtəbə yeni tikili binanın 16 cı mərtəbəsi  ✔ 3 otaq 103 kv , sənəd kupça ,şəhərə , dənizə panorama  ✔ Təmirli , əşyalı ,istilik sistemi kombi ,  ✔ Qiymət 181 000 azn  Xidmət haqqı 1 %",17,Bakı,Xətai rayonu,metro. Həzi Aslanov ,
380019,2022-09-26,Yeni tikili,16 / 2,67,3,Kupçasız,125000,Vasitəçi / Rieltor,Neftciler Metrosuna Yaxin Bekir Cobanzade Kucesinde  yerlesen 16 mertebeli yeni Tikili Binanin 2 ci mertebesinde sahesi 67 kvadrat olan Radnoy 1 otaqlidan 3 otaga duzelme Super Yeni dizaynda Temirden Cixmis Menzil 125000 manata satilir Real musteriye Endirim olunacaq Binada Qaz su isiq Daimidir Istilik sistemi kombidir Polu parketdir Metlax olan yerler isti poldur Metbex Mebeli Dehliz Qardirobu var  Menzilde Temirden Sonra Yasayis Olmayib  Menzile 1 Aya Kupca verilecek  Menzile Istenilen vaxt Baxmaq olar  Real musteriye Endirim olunacaq  Firma haqqi 1%,24,Bakı,Nizami rayonu,8-ci kilometr,metro. Neftçilər
371159,2022-09-26,Yeni tikili,17 / 7,65,3,Kupçasız,105000,Vasitəçi / Rieltor,"Əhmədli Ukrayna dairəsi Laura MTK-a məxsus  17 mərtəbəli yeni tikili binanın 7-ci mərtəbəsində  ümumi sahəsi 65 kvm. olan  3 otaqlı (1 otaqdan 3 otağa düzəlmə) mənzil satılır.  Menzil əla təmirlidir.  Mətbəx və sanuzel isti poldur.  Bina infrastruktur cəhətdən əlverişli əraziyə sahibdir.  Sənəd müqavilə,tezliklə KUPÇA veriləcək.  Komissiya haqqı 1 % təşkil edəcək.",22,Bakı,Xətai rayonu,metro. Əhmədli,
380014,2022-09-26,Yeni tikili,20 / 7,183,3,Kupça,2000000,Vasitəçi / Rieltor,"  HİLTON BAKU-nun, Yaşayış blokunda 3 Otaqlı ağıllı sistemlə təmin olunmuş mənzil satılır.   PARK BULVARIN qarşısı.   Sahəsi 183 kv.   2 yataq otağı,  Geniş qonaq otağı,  Amerikan mətbəxi,    2 ədəd TV.   Dayanacaq var.   Ətraflı məlumat üçün zəng edə bilərsiniz. Satış və başqa kirayə mənzillər üçün təkliflərim var.  Satış və icarə üçün zəng edin..  .  Marriot , Hilton, Megafun. Rosavilla , Broker az. Port Baku. Yeni Hayat, Azure,Makler Baku, Realtor",18,Bakı,Səbail rayonu,metro. Sahil,
380012,2022-09-26,Yeni tikili,17 / 2,55,2,Kupçasız,105000,Vasitəçi / Rieltor,Neftciler Metrosuna Yaxin Bekir Cobanzade Kucesinde  yerlesen Oskar Sadliq Sarayinin Yaninda  17 mertebeli yeni Tikili Binanin 2 ci mertebesinde sahesi 55 kvadrat olan Radnoy 1 otaqlidan 2 otaga duzelme Super Yeni dizaynda Temirden Cixmis Menzil 105000 manata satilir Real musteriye Endirim olunacaq  Dehliz Qardirobu Metbex Mebeli Perdeler  Lusturlar Yigilib   Binada Qaz su isiq Daimidir Istilik sistemi kombidir Polu parketdir Metlax olan yerler isti poldur Metbex Mebeli Dehliz Qardirobu var  Menzilde Temirden Sonra Yasayis Olmayib  Menzile 1 Aya Kupca verilecek  Menzile Istenilen vaxt Baxmaq olar  Real musteriye Endirim olunacaq  Firma haqqi 1%,19,Bakı,Nizami rayonu,8-ci kilometr,metro. Neftçilər
380011,2022-09-26,Yeni tikili,11 / 2,117,3,Kupça,140000,Vasitəçi / Rieltor,"Təmirli + Kupçalı + İpotekaya Yararlı + Qanuni 3 Otaglı Mənzil Satılır ! Nizami r-nu , X.Dostlugu m\st , E.Suleymmanov küç   Çənlibel MTK   tərəfindən inşa edilmiş 11 mərtəbəli binanın 2-ci mərtəbəsində (yaşayişın 1) sahəsi 117 kv olan 3 otaglı mənzil satilir. Qaz,su,işıg daimidir. Sənəd Kupçadır. Əlavə məlumat üçün əlaqə saxlaya bilərsiz.",23,Bakı,Nizami rayonu,metro. Xalqlar Dostluğu,
368178,2022-09-26,Köhnə tikili,5 / 2,60,3,Kupça,91000,Vasitəçi / Rieltor,"Nefçilər metrosunun yanında 5 mərtəbəli daş binanın 2 ci mərtəbəsində 2 otaqlı mənzil artırma ilə 3 otağa düzəldilmiş orta blok, yaxşı vəziyyətdə mənzil satışa çıxdı mənzilin əlavə artırması var plana düşmə etimall çoxdur, yaxınlığında 2 məkdəb , zəruri olan bütün iaşə obyektləri var",14,Bakı,Nizami rayonu,metro. Neftçilər,
380010,2022-09-26,Köhnə tikili,5 / 5,50,3,Kupça,84000,Vasitəçi / Rieltor,"Kirayə vermək üçün əla fürsət.  5-ci mikrorayonda Fransız proyektinə məxsus 5 mərtəbəli binanın 5-ci mərtəbəsində mənzil  təcili satılır. Qanuni 2 otaqdır. 3 otağa düzəldilmişdir. Çıxarış var. Qaz, su, işıq daimidir. Hər şərait var. Bir çox əşyalar qalır. Əlavə məlumat üçün əlaqə saxlaya bilərsiniz.    Ofis xidmət haqqı 1%-dir.",16,Bakı,Nəsimi rayonu,5-ci mikrorayon,metro. 20 Yanvar
380009,2022-09-26,Köhnə tikili,9 / 8,112,5,Kupça,175000,Vasitəçi / Rieltor,"Bakixanov.qes Ferhad şadliq evin yaninda leninqrad lahiyeli binada 5 otaqli 4 otaqa duzelme tam temirli menzil satilir. Menzil tam mertezde yerlesir Razin talkucqanin duz yani,Baki ticaret evin yaninda yerleşir. Senet kupca var.",15,Bakı,Sabunçu rayonu,Bakıxanov qəs.,metro. Neftçilər
380006,2022-09-26,Yeni tikili,18 / 9,155,3,Kupçasız,255750,Vasitəçi / Rieltor,"28 May metrosu, Tesla parkın yanında yeni tikili binanın 9/18 -ci mərtəbəsində 3 otaqlı 155 kv.m. sahəli təmirsiz mənzil satılır. 1 kv.m. 1650 AZN. Mənzillər təmirə buraxılıb.",10,Bakı,Nəsimi rayonu,metro. 28 May,
380004,2022-09-26,Köhnə tikili,5 / 2,55,2,Kupça,68000,Vasitəçi / Rieltor,"Sumqayıt şəhər 17 ci mkr 18 ci mkr-na tərəf daş bina Leninqrad layihəsi 5/2 ci mərtəbəsi künc 2 otaq 3 otağa düzəlmə təmirli, mərkəzi istilik sistemi, mətbəx mebeli, 1 ədəd 6 metirlik balkon.  Reallıq olsa endirim olacaq.",30,Sumqayıt,17-ci mikrorayon,,
380002,2022-09-26,Yeni tikili,18 / 1,80,2,Kupça,125000,Vasitəçi / Rieltor,"TAM ƏŞYALI!!!SUPER TƏKLİF!!! YENİ YASAMALIN ƏN PRESTİJLİ YERİNDƏ MƏNZİL!!!  Ünvan: Yasamal r. Yeni Yasamal,   MƏRTƏBƏ : 18-1  SAHƏSİ 80 kv.m  OTAQ SAYI: 2  TƏMİRİ: SUPER  SƏNƏDİ: Kupça  QEYD: Qaz, su, işıq, daimidir.  QEYD: Yollar təmirli və təmizdir. İnfrastruktur cəhətdən əlverişli ərazidədir. Yaxınlığında uşaq bağçası,məktəb, market və digər iaşə obyektləri yerləşir.  QİYMƏTİ: Əşyalı 130 000 AZN Əşyasız 125 000 AZN   Ofisin xidmət haqqı 1 %-dir.",13,Bakı,Yasamal rayonu,Yeni Yasamal qəs.,metro. İnşaatçılar
380001,2022-09-26,Yeni tikili,17 / 5,155,3,Kupça,315000,Vasitəçi / Rieltor,"kupça var + i̇potekaya yararli!  gözəl və yeni̇ təmi̇rli̇ mənzi̇l!  qanuni̇ 3 otaq!  qazı, suyu, işıqı daimi. gözəl, incə zövqlə düzəlmiş, təmiz və təmirli, bütün otaqları pəncərəli mənzildir. yeri əlverişlidir. hər bir şəraiti var.  ofis xidmət haqqı- 1 %",27,Bakı,Yasamal rayonu,metro. Elmlər Akademiyası,
379997,2022-09-26,Yeni tikili,12 / 6,70,2,Kupça,108000,Vasitəçi / Rieltor,Yasamal Yasayis Komplekinsde 12 mertebelinin  6ci mertebesinde 2 otaqli  Esyali  70 kv Qazli Kupcali qiymet 108000 endrim olacaq,21,Bakı,Yasamal rayonu,Yasamal qəs.,metro. İnşaatçılar
379996,2022-09-26,Köhnə tikili,4 / 2,150,4,Kupça,400000,Vasitəçi / Rieltor,"Sahil metrosunun girişində , Bulbul prospekti ilə Zərifə Əliyeva kuçəsinin kəsişməsində 4 mərtəbəli yaşayiş binasinin 2-ci mərtəbəsində umumi sahəsi  150 kv.m olan 4 otaqli yaxşi təmirli mənzil satilir. Mənzildə qaz,su,işiq daimidir,mənzil kombi sistemi ilə qizdirilir. Mənzil  2 yataq otaqindan, 2 qonaq otaqindan, geniş goz oxşayan mətbəxtdən ibarətdir,mənzilin sanuzelləri ayri ayridir,əlavə olaraq evin ozunə məxsus parnoyu var. Mənzilin balkonundan, dənizə ,bulvara gozəl panaramasi var. Mənzilin sənədləri qaydasindadir,kupçasi var.Real alicilara qiymətdə endirim olunacaq!!!",9,Bakı,Səbail rayonu,metro. Sahil,
352732,2022-09-26,Yeni tikili,11 / 3,60,2,Kupça,108000,Vasitəçi / Rieltor,"TƏCİLİ  SATILIR !!! Sabunçu rayonu, Bakıxanov qəsəbəsi, Qaz İdarəsinin  yaxınlığında yeni tikili 11 mərtəbəli “BAKIXANOV RESİDENCE”  Mexsus Binanın 3 cü mərtəbəsində, ümumi sahəsi 60 kv/m olan, 2 otaqlı (1 otaqdan 2 yə düzəlmə) Təmirli mənzil satılır. İnfrastruktur Cəhətdən Çox Əlverişli Yerdə Yerləşir. İstilik Sistemi Kombidir. Qaz,su,işiq daimdir. Binanın 24 saat mühafizə sistemi, sürətli lifti,geniş həyəti,oyun parkı,parkingi mövcuddur.Sənədi Kupçadır. Ofis haqqı 1 % Təşkil edir.",14,Bakı,Sabunçu rayonu,Bakıxanov qəs.,
379994,2022-09-26,Yeni tikili,16 / 15,150,3,Kupça,230000,Vasitəçi / Rieltor,"Mənzil Nərimanov r Karl Maksın yaxınlığında yerləşir. 16\15-i 3 otaq umumi sahə 150kv tam esyali satilir, 3 balkon var. Əla menzeresi var, su isiq problemi qetiyen yoxdur, 2 kondisoner, isti pol var.  Seherin her yerine yaxindi etrafinda 4 mekteb var, gencliy metrosuna 3 deq mesafedi  Real müşdəri ilə qiymətdə razılaşmaq olar",13,Bakı,Nərimanov rayonu,metro. Gənclik,
379992,2022-09-26,Yeni tikili,17 / 3,95,2,Kupça,130000,Vasitəçi / Rieltor,Xatai rayonu Nesreddin Tusi kucesi 62 son dayanacaqi yeni tikili 17 mertebesinin 3 mertebesinde 95 kvm 2 otaq temirli ewyalarin coxsu qalacaq..Binanin qazi suyi isigi daimidir..Sened kupca..Ofis haggi 1%,13,Bakı,Xətai rayonu,metro. Həzi Aslanov ,
379991,2022-09-26,Yeni tikili,16 / 10,86,3,Kupça,135000,Vasitəçi / Rieltor,"Y.Yasamal,Albali ushaq bagcasi yaxinliginda, 16/10 mertebesi,umumi sahesi 86kvm, 2-3 düzəlmə, super təmirli,istilik sistemi kombi, menzilde yaşayış olmayıb , qiyməti 135.000 m.start, kupçası var.Buyurun elaqe saxlayin.Ofisin xidmet haqqi meblegin 1% ni teshkil edir.",15,Bakı,Yasamal rayonu,Yeni Yasamal qəs.,metro. İnşaatçılar
379990,2022-09-26,Köhnə tikili,5 / 2,33,1,Kupça,66000,Vasitəçi / Rieltor,Olduqca təcili bazar qiymətindən aşagı qiymete daş binada 1-otaq mənzil satılır. Mənzil orta blokda yerləşir isdiliy sistemi mərkəzidir.  Metrodan 4-5 dəyqəliy piyada məsafədə yerləşir. Alıb 350 manata kirayə vermək olar.,13,Bakı,Nizami rayonu,8-ci kilometr,metro. Qara Qarayev
379989,2022-09-26,Yeni tikili,21 / 16,156,3,Kupça,390000,Vasitəçi / Rieltor,"Elmlerde,Nerimanov heykelinin yaxinliginda Altes Plazada 21 mertebeli binanin 16-ci mertebesinde 3 otaq menzil satilir.Menzil metbex studiodur.Istilik sistemi merkezidir.Menzil Deniz menzerelidir.Menzilde iki sanitar qovsaq var,biri dehlizde digeri yataq otaginda.Kupca var.Binada muasir texnologiyaya uygun liftler ve 24 saat muhafize xidmeti var.Binada avtoparking var.Elave melumat ucun elaqe saxlayin.",15,Bakı,Yasamal rayonu,metro. Elmlər Akademiyası,
379988,2022-09-26,Köhnə tikili,9 / 6,55,2,Kupça,105000,Vasitəçi / Rieltor,"TƏCİLİ SATILIR...!!!  Nizami Rayon, Neftçilər M, Konfortla üzbə üz, EXSPERİMENTALNİ Lahiəli 9 Mərtəbəli binanin 6-cı mərtəbəsində ümumi sahəsi 55 kv-m olan qanuni 2 otaqlı əla remontlu mənzil satılır.  qaz su işıq daim idir  sənəd KUPÇA  Mənzil orta blokta yerləşir  Metroya 1 dəqiqəlik məsafədə yerləşir  mənzilin ətrafinda bir çox iaşə obyektləri mövcudur.  MƏNZİL İNFRASTRUKTUR OLARAQ ÇOX ƏLVERİŞLİ YERDƏ YERLƏŞİR.",10,Bakı,Nizami rayonu,metro. Neftçilər,
379987,2022-09-26,Yeni tikili,16 / 13,50,2,Kupça,109000,Vasitəçi / Rieltor,DƏYƏRLİ MÜŞTƏRİLƏRİMİZ!!!   EKSKLUZİV!!!! Sizlərə Binəqədi rayon 8mk (Azadlıq metro/Kəmalə Nərmin sarayının yanı) yüksək keyfiyyətli inşa edilmiş və məşhur binada möhtəşəm təmirli mənzilimizi təqdim edirik. Binanın geniş həyəti yeraltı və yerüstü  avtoparkingi və 2 lifti mövcuddur. 1 in 2 yə düzəlmədir. Əlavə məlumat üçün zəng edə bilərsiz (whatsap aktivdir)  --ipotekaya yararlı  --super təmir  --avtoparking,21,Bakı,Binəqədi rayonu,8-ci mikrorayon,metro. Azadlıq prospekti
379986,2022-09-26,Köhnə tikili,10 / 6,75,3,Kupça,180000,Vasitəçi / Rieltor,"Gənclik metrosunun və Abu arenanın yaxınlığında,daş bina eksperimental layihəli,3 otaqlı mənzil satılır.Otaqların girişləri ayrıdır.Mənzil ortadır,yelçəkəndir, 2 eyvanı var.Mənzil mebellə birgə satıllır. Bina prospektə baxır və ipotekaya yararlıdır.",11,Bakı,Nərimanov rayonu,metro. Gənclik,
379985,2022-09-26,Yeni tikili,12 / 10,70,2,Kupça,78000,Əmlak sahibi,Ev kupcalidir 2den 3 ve duzelme İCİNDe kondisioner kombi ve metbext mebeli galir,9,Xırdalan ş.,,,
379984,2022-09-26,Yeni tikili,18 / 14,110,3,Kupça,175000,Vasitəçi / Rieltor,   İnşaatçılar m/s 15 dəq məsafədə Yeni yasamal Bravo market və Bazarstore-un yaninda yeni tikili 18-cı mərtəbəli binanın 14-cü mərtəbisində QANUNİ 3 otaqlı SUPER TƏMİRLİ mənzil satılır.  Yeri çox idealdır .  Kombi sistemi mövcuddur.  Qaz su isiq daimidir.  Mənzil yel çəkəndir.  Mənzil əşyalarla bərabər satılır.(elekronika çıxır)    Mənzilin çıxarışı var və ipotekaya yararlıdır.     Ətrafli melumat ucun elaqe saxlaya bilersiniz ! (whatsapp aktivdir)  Ofis haqqi 1%,9,Bakı,Yasamal rayonu,metro. İnşaatçılar,
379983,2022-09-26,Köhnə tikili,5 / 3,60,2,Kupça,85000,Vasitəçi / Rieltor, Nəsimi rayon 4 mikrorayon Mir cəlal küçəsi Leyla Şadlıq evi ilə üzbəüz yerləşən 5 mərtəbəli binanın 3-cü mərtəbəsində yerləşən 2 otaqlı jloy 33 kv metr olan balkon çölə olan mənzil təcili olaraq satılır.mənzildə istilik sistemi kobidir qaz su işıq dayimidir.Ətraflı zəng edib marqlana bilərsiz.  ofisin xidmət haqqı 1% təşgil edir.,15,Bakı,Nəsimi rayonu,4-cü mikrorayon,metro. Memar Əcəmi
374415,2022-09-26,Köhnə tikili,9 / 7,58,2,Kupça,95000,Vasitəçi / Rieltor,Neftçilər metrosunun yaxınlığında İnterturan 229 saylı orta məktəbin yanında 9/7 çi mərtəbəsi 2 otaqlı təmirli mənzil satılır qaz su işıq daimidir istilik sistemi mərkəzidir sənəd Kupca.Abad həyət təmirdən yeni çıxmış bina yenilənmiş liftlər.,12,Bakı,Nizami rayonu,8-ci kilometr,metro. Neftçilər
379981,2022-09-26,Köhnə tikili,9 / 6,80,3,Kupça,85000,Vasitəçi / Rieltor,В п.гарачухур по ул.эйвазова на 9/6 этаже ленингр.проекта продается 3 комн.квартира со старым ремонтом.общ.пл.80м2 .Вся инфраструктура вокруг.,20,Bakı,Suraxanı rayonu,Qaraçuxur qəs.,metro. Neftçilər
351527,2022-09-26,Köhnə tikili,5 / 1,60,2,Kupça,97000,Vasitəçi / Rieltor,Xalqlar dostluğu metrosunun yanında 5 mərtəbəli daş leninqrad layihəli binanın 1 çi mərtəbəsi yerdən 10-12 pilləkən hündürlüyü olan 2 otaqlı təmirli mənzil satılır qaz su işıq daimidir istilik sistemi mərkəzidir sənəd Kupca.,5,Bakı,Nizami rayonu,8-ci kilometr,metro. Xalqlar Dostluğu
379979,2022-09-26,Yeni tikili,17 / 6,155,3,Kupça,319000,Vasitəçi / Rieltor,"ELA TEKLIF!!!DENIZE MOHTESEM MENZERE!!!  Altes Plazanin yaninda  17mertebeli binanin 15ci mertebesinde ela temirli.qanuni 3 otaqli ,esyali menzil satilir.. 24 saat muhafize xidmeti. Menzilde yuksen keyfiyyetli materiallardan istifade olunub. Elektrik sistemi: kabeller prysmian (turkiye), avtomat 3+17, differensial, vavien, rozetkalar legrand allure (fransa). Santexnika: Su borulari Sintaş (turkiye), kollektor sistemi - her noqteye ayri xett (unidelta), radiatorlar Global Ekos (italiya), kombi demirdokum, smesitel ve qurgular grohe,eca,duravit (almanya,turkiye). Mlyarka: butun otaqlar 90 derece, divarlar setka, oboy marburg (almanya) + tikkurila (finlandiya), oboy murella (italiya). Parket premium a+ palid uzeri su esasli lak. Butun sekiller realdir, dizayndan goturulme deyil. Qaz Su İşıq daimidi.Butun infrastrukturlara yaxin yerde yerlesir.Menzil yelcekendir.Menzilde cox az yasayis olub  REAL ALICIYA ENDIRIM OLACAQ  ofis haqqi 1 %  Sened kupça( çıxarış)",8,Bakı,Yasamal rayonu,metro. İnşaatçılar,
355915,2022-09-26,Yeni tikili,17 / 15,105,3,Kupçasız,185000,Vasitəçi / Rieltor,Qara Qarayev metrosunun yaxınlığında 17 mərtəbəli binanın 15 çi mərtəbəsi 3 otaqlı super təmirli mənzil satılır qaz su işıq daimidir istilik sistemi mərkəzidir sənəd müqavilə.,12,Bakı,Nizami rayonu,8-ci kilometr,metro. Qara Qarayev
379977,2022-09-26,Yeni tikili,8 / 6,58,2,Kupçasız,25000,Vasitəçi / Rieltor,KREDITLE....Masazirda duz golunun yaninda inwa edilmiw Abweron Siti yawayiw kompleksinde 8 mertebeli binanin 6ci mertebesinde qanuni 2 otaqli natamam temirli menzil kreditle satilir.menzilin icinde 5 min manatliq iw gorulub ve material alinib qoyulub.saygaclarin pulu odenilib.25000 ilkin odeniw 30ay 825azn azn odemek wertile.qaz iwiq su lift var.temir edib yawamaq olar.etrafli melumat ucun zeng edin,18,Abşeron,Masazır,,
379976,2022-09-26,Köhnə tikili,9 / 4,100,3,Kupça,140000,Vasitəçi / Rieltor,"TAM ƏŞYALI!!!SUPER TƏKLİF!!! YENİ YASAMALIN ƏN PRESTİJLİ YERİNDƏ MƏNZİL!!!  Ünvan: Yasamal r. Yeni Yasamal,   MƏRTƏBƏ : 9-4  SAHƏSİ 100 kv.m  OTAQ SAYI: 4-3  TƏMİRİ: SUPER  SƏNƏDİ: Kupça  QEYD: Qaz, su, işıq, daimidir.  QEYD: Yollar təmirli və təmizdir. İnfrastruktur cəhətdən əlverişli ərazidədir. Yaxınlığında uşaq bağçası,məktəb, market və digər iaşə obyektləri yerləşir.  QİYMƏTİ: 140 000 AZN  Ofisin xidmət haqqı 1 %-dir.",13,Bakı,Yasamal rayonu,Yeni Yasamal qəs.,metro. İnşaatçılar
379975,2022-09-26,Yeni tikili,22 / 17,153,3,Kupça,320000,Vasitəçi / Rieltor,"IPOTEKAYA YARARLI KUPCALI MENZIL SATILIR.  Nərimanov rayonunda, Xan Şuşinski küç. (Tibb  universitetinin yanı)  REAL MTK  Yaşayış  Kompleksində qanuni  3 otaqlı, yeni təmir olunmuş mənzil 320000 manata satılır! Ümumi sahəsi 153 m2 təşkil edir. 22 mərtəbəli  binanın 17-ci mərtəbəsində yerləşir. Mənzilin təmir zamanı keyfiyyətli materiallardan istifadə olunub. Sənədi çıxarışdır.  POZİTİVLƏ KOMFORT YAŞAYIN!  SİZLƏRƏ GENİŞ ƏMLAK BAZAMIZI TƏQDİM EDƏ  BİLƏRİK! ƏTRAFLI MƏLUMAT ÜÇÜN DƏRHAL ZƏNG EDİN!",11,Bakı,Nərimanov rayonu,metro. Gənclik,
379974,2022-09-26,Yeni tikili,17 / 14,190,4,Kupça,455000,Vasitəçi / Rieltor,"TECILI Narimanov metrosu yaxinliginda SUPER TEMIRLI Menzil Satilir !!! Menzil qanuni 4 otaqlidir.Mənzilin 3 yataq otağı,1 genis zali,metbext ve 3 sanuzeli var. Menzilde KUPCA var ! Yüksək keyfiyyətli tikinti materiallarından istifadə olunmuşdur. Qaz su isiq daimidir. Elave melumat ucun real alicilar buyurub elaqe saxlaya bilerler  Ofis xidmət haqqı 1%",12,Bakı,Nərimanov rayonu,,
379973,2022-09-26,Yeni tikili,17 / 15,60,2,Kupçasız,115000,Vasitəçi / Rieltor,Neftçilər metrosunun yanında 62 saylı orta məktəbin yanında 17 mərtəbəli binanın 15 çi mərtəbəsi 1 otaqlı 2 otağa düzəldilmiş əla təmirli mənzil təcili olaraq satılır qaz su işıq daimidir istilik sistemi kombi sənəd müqavilə.,16,Bakı,Nizami rayonu,8-ci kilometr,metro. Neftçilər
379972,2022-09-26,Köhnə tikili,4 / 2,95,4,Kupça,97000,Vasitəçi / Rieltor,4 otaqlı  Ünvan : sumqayıt şəhər 26cı məhəllə 3 otaq + 25 kvadrat metr artırması var ev təmirli evdir stalin layihəsi otaqların xodları ayrı hamam tualet ayrı tavan 3.20  metr hündürlükdə ev 4/2 cı mərtəbəsində yerləşir orta evdir iki balkonu var daş bina ümumi sahəsi 95 kv metr qiyməti 97000 manat kombi var kuxna mebeli var  Vasitəçi 070 750 64 43  055 253 41 60,30,Sumqayıt,26-cı məhəllə,,
379970,2022-09-26,Köhnə tikili,9 / 2,115,5,Kupça,145000,Vasitəçi / Rieltor,"Yeni Guneslide Q  massiv 9/2  mertebe/Daskend proyekti,5 otaqli menzil satilir,yaxshi temirli.Umumi sahesi 115m2.Butun infrastruktur yaxinda  В п.н.гюнешли  Q  на 9/2 этаже  ташкентский проект продается 5 комн.квартира с хорошим ремонтом.  Общ.пл.115м2. 2 cанузла. Вся инфраструктура вокруг",15,Bakı,Suraxanı rayonu,Yeni Günəşli qəs.,metro. Xalqlar Dostluğu
379967,2022-09-26,Yeni tikili,12 / 7,104,3,Kupça,178000,Vasitəçi / Rieltor,"Xetai metrosu yaxinliginda,Xetai Estetik Klinikasi ve 50 Qepik restoranin arxasinda yerleshen yeni tikili Socarin insha etdiyi Neftchi Mtk-nin 7-ci mertebesinde genish,seliqeli,ishiqli ve temirli radnoy 3 otaqli menzil satilir.Sened kupchadir.Qaz,su,ishiq daimidir.Istilik sistemi merkezidir.Bundan bashqa da menziller var.Etrafli melumat uchun zeng vura bilersiniz.",15,Bakı,Xətai rayonu,metro.  Xətai,
379966,2022-09-26,Yeni tikili,21 / 16,156,3,Kupça,340000,Vasitəçi / Rieltor,"Elmlerde,Nerimanov heykelinin yaxinliginda Altes Plazada 21 mertebeli binanin 16-ci mertebesinde 3 otaq menzil satilir.Istilik sistemi merkezidir.Menzil Sheher menzerelidir.Menzilde iki sanitar qovsaq var,biri dehlizde digeri yataq otaginda.Menzil metbex studiodur.Binada muasir texnologiyaya uygun liftler ve 24 saat muhafize xidmeti var.Binada avtoparking var.Elave melumat ucun elaqe saxlayin.",19,Bakı,Yasamal rayonu,metro. Elmlər Akademiyası,
358948,2022-09-26,Yeni tikili,16 / 5,73.5,3,Kupçasız,230000,Vasitəçi / Rieltor,"RAHATLIĞIN MƏKANI MTK    QAZLI və YAŞAYIŞLI bina...    Nərimanovda, metro stansiyanın və Metro Park istirahət və ticarət mərkəzinin yanında yeni tikilmiş 16 mərtəbəli binanın 5-ci mərtəbəsində 73.5 kvadrat metr sahəli təmirli 3 otaqlı (çevrilmə) mənzil satılır...     Mənzilin sənədi müqavilədir..  Binada çıxarış var.    2 Kondisioner  Mətbəx mebeli  ...Asperator (Bosch)  ...Paltaryuyan (Samsung)  ...Qabyuyan (Bosch)  ...Qaz sobası  ...Soyuducu (Samsung)    Şəxsi yaşayış məqsədi ilə olunmuş təmir...  Təmirdən sonra yaşayış olmayıb...    İsti döşəmə...  Kombi sistemi...  Parket döşəmə...    İnkişaf etmiş infrastruktur:    2 sürətli və səssiz lift.  24/7 fəaliyyət göstərən təhlükəsizlik xidməti.  Geniş həyət.  Təmiz bloklar.  Yeraltı parking.    DİQQƏT !!!  Alıcının reallığından asılı olaraq müəyyən endirim nəzərdə tutulub.    Alıcılar üçün xidmət haqq alqı-satqının 1%-ni təşkil edir !",5,Bakı,Nərimanov rayonu,metro. Nəriman Nərimanov,
379964,2022-09-26,Köhnə tikili,5 / 2,35,1,Kupça,63000,Vasitəçi / Rieltor,Neftçilər metrosunun yanında 5 mərtəbəli daş binanın 2 çi mərtəbəsi 1 otaqlı orta təmirli mənzil satılır qaz su işıq daimidir istilik sistemi mərkəzidir sənəd Kupca.,16,Bakı,Nizami rayonu,8-ci kilometr,metro. Neftçilər
379960,2022-09-26,Yeni tikili,14 / 10,90,3,Kupça,168000,Vasitəçi / Rieltor,"Sened Cixarish...Neftcilerda Icranin arxasinda 14/10 89m2 ,menzil iki otaqdan 3 otaqa duzelib,tam eshyali satilir!Menzere denize! Qiymet : 168000 azn.",11,Bakı,Nizami rayonu,8-ci kilometr,metro. Neftçilər
